Workbook

Sheet Rekap
A1: Rekap Jumlah Faktur per Penjual
A2: Dari 26 Sep 2026 ke 28 Sep 2026 | Sumber: (HND) Laporan Penjualan Retail - 28 September 2026.pdf
A4: No | B4: Nama Penjual | C4: Jumlah Faktur | D4: Daftar No. Faktur
A5: 1 | B5: (Tanpa Nama Penjual) | C5: =COUNTIF('Detail Faktur'!$B$2:$B$173,B5) | D5: PINV-260928-0001
A6: 2 | B6: Disti -Henny | C6: =COUNTIF('Detail Faktur'!$B$2:$B$173,B6) | D6: PINV-260926-0002, PINV-260926-0052, PINV-260926-0054, PINV-260926-0062, PINV-260926-0076, PINV-260926-0083
A7: 3 | B7: Disti -Tresya | C7: =COUNTIF('Detail Faktur'!$B$2:$B$173,B7) | D7: PINV-260926-0005, PINV-260926-0007, PINV-260926-0021, PINV-260926-0023, PINV-260926-0024, PINV-260926-0041
A8: 4 | B8: HnD Ince -Hesti | C8: =COUNTIF('Detail Faktur'!$B$2:$B$173,B8) | D8: PINV-260926-0017, PINV-260926-0042, PINV-260926-0043, PINV-260926-0081, PINV-260926-0086, PINV-260926-0093, PINV-260927-0014, PINV-260927-0022, PINV-260927-0043, PINV-260927-0052
A9: 5 | B9: HnD Ince -Risal | C9: =COUNTIF('Detail Faktur'!$B$2:$B$173,B9) | D9: PINV-260926-0022, PINV-260926-0025, PINV-260926-0037, PINV-260926-0115
A10: 6 | B10: HnD Ince -Risda | C10: =COUNTIF('Detail Faktur'!$B$2:$B$173,B10) | D10: PINV-260926-0003, PINV-260926-0013, PINV-260926-0018, PINV-260926-0032, PINV-260926-0046, PINV-260926-0049, PINV-260926-0051, PINV-260926-0057, PINV-260926-0071, PINV-260926-0072, PINV-260926-0078, PINV-260926-0084, PINV-260926-0100, PINV-260927-0010, PINV-260927-0013, PINV-260927-0017, PINV-260927-0019, PINV-260927-0020, PINV-260927-0026, PINV-260927-0027, PINV-260927-0030, PINV-260927-0053
A11: 7 | B11: HnD Kendari -Kurnia | C11: =COUNTIF('Detail Faktur'!$B$2:$B$173,B11) | D11: PINV-260926-0001, PINV-260926-0011, PINV-260926-0019, PINV-260926-0048, PINV-260926-0080, PINV-260926-0111, PINV-260927-0007, PINV-260927-0034
A12: 8 | B12: HnD Kendari -Lastry | C12: =COUNTIF('Detail Faktur'!$B$2:$B$173,B12) | D12: PINV-260926-0016, PINV-260926-0050, PINV-260926-0069, PINV-260926-0073, PINV-260926-0101
A13: 9 | B13: HnD Kendari -Lia | C13: =COUNTIF('Detail Faktur'!$B$2:$B$173,B13) | D13: PINV-260926-0070, PINV-260926-0099, PINV-260926-0114
A14: 10 | B14: HnD Kendari -Widhy | C14: =COUNTIF('Detail Faktur'!$B$2:$B$173,B14) | D14: PINV-260926-0004, PINV-260926-0095, PINV-260927-0009
A15: 11 | B15: HnD Mamuju -Indra | C15: =COUNTIF('Detail Faktur'!$B$2:$B$173,B15) | D15: PINV-260926-0027, PINV-260926-0029, PINV-260926-0030, PINV-260926-0033, PINV-260926-0035, PINV-260926-0039, PINV-260926-0047, PINV-260926-0090, PINV-260926-0118, PINV-260927-0038
A16: 12 | B16: HnD Mamuju -Irwan | C16: =COUNTIF('Detail Faktur'!$B$2:$B$173,B16) | D16: PINV-260926-0031, PINV-260926-0061, PINV-260926-0066
... A35: 31 | B35: LES -Rial | C35: =COUNTIF('Detail Faktur'!$B$2:$B$173,B35) | D35: PINV-260926-0063, PINV-260926-0065, PINV-260926-0098
B36: TOTAL | C36: =SUM(C5:C35)

Sheet Detail Faktur
A1: No | B1: Nama Penjual | C1: No. Faktur | D1: Tgl Faktur
A2: 1 | B2: (Tanpa Nama Penjual) | C2: PINV-260928-0001 | D2: 28 Sep 2026
A3: 2 | B3: Disti -Henny | C3: PINV-260926-0002 | D3: 26 Sep 2026
A4: 3 | B4: Disti -Henny | C4: PINV-260926-0052 | D4: 26 Sep 2026
A5: 4 | B5: Disti -Henny | C5: PINV-260926-0054 | D5: 26 Sep 2026
A6: 5 | B6: Disti -Henny | C6: PINV-260926-0062 | D6: 26 Sep 2026
A7: 6 | B7: Disti -Henny | C7: PINV-260926-0076 | D7: 26 Sep 2026
A8: 7 | B8: Disti -Henny | C8: PINV-260926-0083 | D8: 26 Sep 2026
A9: 8 | B9: Disti -Tresya | C9: PINV-260926-0005 | D9: 26 Sep 2026
A10: 9 | B10: Disti -Tresya | C10: PINV-260926-0007 | D10: 26 Sep 2026
A11: 10 | B11: Disti -Tresya | C11: PINV-260926-0021 | D11: 26 Sep 2026
A12: 11 | B12: Disti -Tresya | C12: PINV-260926-0023 | D12: 26 Sep 2026
A13: 12 | B13: Disti -Tresya | C13: PINV-260926-0024 | D13: 26 Sep 2026
... A173: 172 | B173: LES -Rial | C173: PINV-260926-0098 | D173: 26 Sep 2026
